old_id,new_id
lex-0005,lex-75r77
lex-0006,lex-nahg9
lex-0008,lex-znaau
lex-0009,lex-jv983
lex-0010,lex-4yhqs
lex-0011,lex-chp44
lex-0012,lex-68abd
lex-0013,lex-bwubx
lex-0014,lex-4mtpe
lex-0015,lex-wy3r4
lex-0016,lex-bzpnx
lex-0017,lex-wtkuz
lex-0018,lex-u74ex
lex-0019,lex-cwcj9
lex-0043,lex-af9ax
lex-0044,lex-kebfa
lex-0049,lex-q9asc
lex-0050,lex-dm5te
lex-0051,lex-th68b
lex-0065,lex-hnfrw
lex-0066,lex-9akfh
lex-0067,lex-9nj6a
lex-0068,lex-c3rr5
lex-0069,lex-gfxw3
lex-0070,lex-z8m97
lex-0071,lex-a9wpd
lex-0072,lex-89rjr
lex-0073,lex-ftke9
lex-0074,lex-gx8m2
lex-0075,lex-xcaqj
lex-0076,lex-kkr43
lex-0077,lex-b4vxq
lex-0078,lex-bpr6b
lex-0079,lex-2sx7q
lex-0080,lex-hesjt
lex-0081,lex-fsazx
lex-0082,lex-ds73b
lex-0083,lex-rupk9
lex-0084,lex-x9pxs
lex-0085,lex-hm8yx
lex-0086,lex-axa6h
lex-0087,lex-3ydmv
lex-0088,lex-y6pqz
lex-0089,lex-sjsxx
lex-0090,lex-eg9zm
lex-0091,lex-spk4s
lex-0092,lex-wdeje
lex-0093,lex-8ennw
lex-0094,lex-spm8x
lex-0095,lex-mnxhs
lex-0096,lex-ucrqj
lex-0097,lex-gng22
lex-0098,lex-ypecd
lex-0099,lex-uz7g4
lex-0100,lex-tf6br
lex-0101,lex-jue9r
lex-0102,lex-hng49
lex-0103,lex-utuy6
lex-0104,lex-v6kay
lex-0105,lex-ndkkb
lex-0106,lex-ppq72
lex-0107,lex-33w6z
lex-0108,lex-jvr5p
lex-0109,lex-zgmyw
lex-0110,lex-h7vet
lex-0111,lex-9spu2
lex-0112,lex-dzqje
lex-0113,lex-hfcae
lex-0114,lex-99f5w
lex-0115,lex-m54nv
lex-0116,lex-9pgpf
lex-0117,lex-k6d7u
lex-0118,lex-t28ya
lex-0119,lex-pbpbj
lex-0120,lex-g4cp8
lex-0121,lex-jtw66
lex-0122,lex-w9yzj
lex-0123,lex-da3g3
lex-0124,lex-5yufs
lex-0125,lex-tjwfn
lex-0126,lex-p6p82
lex-0127,lex-2x8qw
lex-0128,lex-qhrpv
lex-0129,lex-we98d
lex-0130,lex-hbgcb
lex-0131,lex-5bpee
lex-0132,lex-9eprx
lex-0133,lex-t9fs7
lex-0134,lex-hrnuj
lex-0135,lex-rcj6y
lex-0136,lex-u8u7y
lex-0137,lex-vacbr
lex-0138,lex-e98pd
lex-0139,lex-e8wv6
lex-0140,lex-2kwkh
lex-0141,lex-nzj6u
lex-0142,lex-8cbn9
lex-0143,lex-2rsad
lex-0144,lex-8c35v
lex-0145,lex-vtytt
lex-0146,lex-jw34x
lex-0147,lex-mh7jf
lex-0148,lex-r3w25
lex-0149,lex-3hefg
lex-0150,lex-dvydj
lex-0151,lex-u68ue
lex-0152,lex-z9s5d
lex-0153,lex-rn9ht
lex-0154,lex-quu4s
lex-0155,lex-e5des
lex-0156,lex-etdx7
lex-0157,lex-n8smn
lex-0158,lex-5nk9h
lex-0159,lex-tt38w
lex-0160,lex-h2ehw
lex-0161,lex-gc6ek
lex-0162,lex-betym
lex-0163,lex-maq83
lex-0164,lex-zxrtf
lex-0165,lex-ewafs
lex-0166,lex-nadsx
lex-0167,lex-uyk6e
lex-0168,lex-9m3vy
lex-0169,lex-xrg6e
lex-0170,lex-c7pga
lex-0171,lex-hfjhy
lex-0172,lex-9ty22
lex-0173,lex-x6sbv
lex-0174,lex-rfxtb
lex-0175,lex-m2cwp
lex-0176,lex-uanys
lex-0177,lex-mmq8x
lex-0178,lex-jy4aq
lex-0179,lex-th6tr
lex-0180,lex-yexax
lex-0181,lex-yg484
lex-0182,lex-4rx6s
lex-0183,lex-975pa
lex-0184,lex-gfb9k
lex-0185,lex-kxbm2
lex-0186,lex-2zyhy
lex-0187,lex-dxx5k
lex-0188,lex-u5869
lex-0189,lex-e2tnt
lex-0190,lex-bd324
lex-0191,lex-c2bwy
lex-0192,lex-22etp
lex-0193,lex-xhvgy
lex-0194,lex-j929z
lex-0195,lex-n6t4u
lex-0196,lex-5mv6r
lex-0197,lex-prwfm
lex-0198,lex-j5kxw
lex-0199,lex-cpjma
lex-0200,lex-v6kmc
lex-0201,lex-mjav2
lex-0202,lex-75vrt
lex-0203,lex-2unt7
lex-0204,lex-juc5s
lex-0205,lex-bra5e
lex-0206,lex-fpvsu
lex-0207,lex-ts4qp
lex-0208,lex-v39j4
lex-0209,lex-gbru2
lex-0210,lex-3mgdz
lex-0211,lex-xe76g
lex-0212,lex-q8az5
lex-0213,lex-9t2ux
lex-0214,lex-dme3d
lex-0215,lex-q9znq
lex-0216,lex-jbegr
lex-0217,lex-pbdbb
lex-0218,lex-mthv9
lex-0219,lex-v7ceq
lex-0220,lex-uz24q
lex-0221,lex-39muf
lex-0222,lex-rktsy
lex-0223,lex-nn3u9
lex-0224,lex-3r2f8
lex-0225,lex-qqgm5
lex-0226,lex-fz8n7
lex-0227,lex-srj3h
lex-0228,lex-wjwuc
lex-0229,lex-cedkm
lex-0230,lex-9wbd3
lex-0231,lex-y9q22
lex-0232,lex-kfk68
lex-0233,lex-7mdpd
lex-0234,lex-d6vbs
lex-0235,lex-2m6jq
lex-0236,lex-ykb5a
lex-0237,lex-v2dps
lex-0238,lex-gma7u
lex-0239,lex-wf4nj
lex-0240,lex-ucw53
lex-0241,lex-qdxa7
lex-0242,lex-b9sqg
lex-0243,lex-gzgn3
lex-0244,lex-exczm
lex-0245,lex-k2kdc
lex-0246,lex-fmgeg
lex-0247,lex-7gm7f
lex-0248,lex-ett3j
lex-0249,lex-d7h2y
lex-0250,lex-a5dmb
lex-0251,lex-8vcfb
lex-0252,lex-3qnq3
lex-0253,lex-zqf8z
lex-0254,lex-urh87
lex-0255,lex-mf8w6
lex-0256,lex-6f5xs
lex-0257,lex-y6xy9
lex-0258,lex-3yvwm
lex-0259,lex-a5hxu
lex-0260,lex-mj7x2
lex-0261,lex-58gqb
lex-0262,lex-avv9k
lex-0263,lex-8n237
lex-0264,lex-n7dqw
lex-0265,lex-xxmeh
lex-0266,lex-zeznb
lex-0267,lex-pm93k
lex-0268,lex-bqxvx
lex-0269,lex-2cjtz
lex-0270,lex-u29fu
lex-0271,lex-stppu
lex-0272,lex-2n84d
lex-0273,lex-5b9gv
lex-0274,lex-ea5ug
lex-0275,lex-p34bd
lex-0276,lex-xrbzz
lex-0277,lex-4dsbe
lex-0278,lex-ah2es
lex-0279,lex-ctnnx
lex-0280,lex-rxvus
lex-0281,lex-akfgc
lex-0282,lex-s2pjj
lex-0283,lex-kwec5
lex-0284,lex-6vpw5
lex-0285,lex-smxtw
lex-0286,lex-7wvdb
lex-0287,lex-f74h5
lex-0288,lex-cgqta
lex-0289,lex-5d8hm
lex-0290,lex-kny9v
lex-0291,lex-brcgz
lex-0292,lex-6qevt
lex-0293,lex-ymckb
lex-0294,lex-et8q2
lex-0295,lex-jnvtj
lex-0296,lex-p3tbg
lex-0297,lex-xu8k9
lex-0298,lex-yrbrz
lex-0299,lex-p48xw
lex-0300,lex-cjuza
lex-0301,lex-qeg52
lex-0302,lex-svcmp
lex-0303,lex-z9kmt
lex-0304,lex-y2nej
lex-0305,lex-4u23a
lex-0306,lex-pd9p6
lex-0307,lex-cmkdq
lex-0308,lex-uqmd7
lex-0309,lex-85bw8
lex-0310,lex-cpgyd
lex-0311,lex-wup2r
lex-0312,lex-g9zrz
lex-0313,lex-2habe
lex-0314,lex-aufzn
lex-0315,lex-ccbdh
lex-0316,lex-wkcck
lex-0317,lex-vk65z
lex-0318,lex-5kjya
lex-0319,lex-rgr3t
lex-0320,lex-nfdyv
lex-0321,lex-fzd6w
lex-0322,lex-w97xs
lex-0323,lex-b6kvs
lex-0324,lex-vacza
lex-0325,lex-7cdtg
lex-0326,lex-3u25r
lex-0327,lex-ymvt4
lex-0328,lex-eadyj
lex-0329,lex-ubdyr
lex-0330,lex-w6zhq
lex-0331,lex-3d2he
lex-0332,lex-sxt57
lex-0333,lex-rjf7d
lex-0334,lex-fr9gf
lex-0335,lex-8grce
lex-0336,lex-yxky7
lex-0337,lex-eb3wf
lex-0338,lex-z7dbd
lex-0340,lex-73m95
lex-0341,lex-dqa9j
lex-0342,lex-v6nqz
lex-0343,lex-qkrey
lex-0344,lex-8mpe8
lex-0345,lex-ky7un
lex-0346,lex-dzr6g
lex-0347,lex-d56d4
lex-0348,lex-mwgep
lex-0349,lex-8j5ms
lex-0350,lex-6bycb
lex-0351,lex-uarce
lex-0352,lex-suent
lex-0353,lex-9kuqg
lex-0354,lex-sxwn7
lex-0355,lex-v32sr
lex-0356,lex-94b62
lex-0357,lex-3fzvf
lex-0358,lex-8f8jk
lex-0359,lex-2jaf6
lex-0360,lex-9exaw
lex-0361,lex-rax8z
lex-0362,lex-s22hf
lex-0363,lex-n3ayj
lex-0364,lex-mmety
lex-0365,lex-26v8g
lex-0366,lex-rzgzr
lex-0367,lex-xehnw
lex-0368,lex-96xn9
lex-0369,lex-s27um
lex-0370,lex-fecdf
lex-0371,lex-2s3ze
lex-0372,lex-eybad
lex-0373,lex-k9ku5
lex-0374,lex-exrwy
lex-0375,lex-68gd3
lex-0376,lex-wnmfk
lex-0377,lex-druv9
lex-0378,lex-6cvnf
lex-0379,lex-e9z2y
lex-0380,lex-w5qfe
lex-0381,lex-xgyv7
lex-0382,lex-u2kzt
lex-0383,lex-tfpzb
lex-0384,lex-pqqhr
lex-0385,lex-977gg
lex-0386,lex-xfda8
lex-0387,lex-z3qjg
lex-0388,lex-3af99
lex-0389,lex-aaf3f
lex-0390,lex-tb3re
lex-0391,lex-7xbt6
lex-0392,lex-fxtuq
lex-0393,lex-mnjrw
lex-0394,lex-wx2ma
lex-0395,lex-qhydj
lex-0396,lex-zjyr8
lex-0397,lex-br4uk
lex-0398,lex-8njgg
lex-0399,lex-4e6ur
lex-0400,lex-eakec
lex-0401,lex-6wha5
lex-0402,lex-enpjy
lex-0403,lex-t5drx
lex-0404,lex-w6v3m
lex-0405,lex-y93tk
lex-0406,lex-nqxt9
lex-0407,lex-k7m6e
lex-0408,lex-shhk7
lex-0409,lex-t78sc
lex-0410,lex-eghgf
lex-0411,lex-fjffq
lex-0412,lex-2sdqf
lex-0413,lex-382xa
lex-0414,lex-xr5f5
lex-0415,lex-7wxxd
lex-0416,lex-9we2s
lex-0417,lex-e3sk5
lex-0418,lex-4xcqa
lex-0419,lex-hfqw7
lex-0420,lex-yyfx5
lex-0421,lex-p7uh9
lex-0422,lex-fy5k5
lex-0423,lex-jkpj6
lex-0424,lex-gbmev
lex-0425,lex-dwycr
lex-0426,lex-p25q4
lex-0427,lex-sjsae
lex-0428,lex-ew7zx
lex-0429,lex-etfhv
lex-0430,lex-z2s4d
lex-0431,lex-yx7ym
lex-0432,lex-tgqrf
lex-0433,lex-agefm
lex-0434,lex-ws2gv
lex-0435,lex-w7fxz
lex-0436,lex-tt5tv
lex-0437,lex-eehjz
lex-0438,lex-sgd2s
lex-0439,lex-vmas8
lex-0440,lex-ngc66
lex-0441,lex-4ww6k
lex-0442,lex-qbuw5
lex-0443,lex-zag9z
lex-0444,lex-zfbef
lex-0445,lex-ckahh
lex-0446,lex-2czcp
lex-0447,lex-dgwbn
lex-0448,lex-mbx6p
lex-0449,lex-vkhp7
lex-0450,lex-rwvkh
lex-0451,lex-rsnn7
lex-0452,lex-gg87u
lex-0453,lex-rref3
lex-0454,lex-eqy5r
lex-0455,lex-k6wka
lex-0456,lex-b9us2
lex-0457,lex-ewjec
lex-0458,lex-ak2nb
lex-0459,lex-78gp5
lex-0460,lex-krmj3
lex-0461,lex-kahec
lex-0462,lex-gnjc3
lex-0463,lex-46twa
lex-0464,lex-f5pns
lex-0465,lex-fjzum
lex-0466,lex-w3e3z
lex-0467,lex-rptqb
lex-0468,lex-gwx3j
lex-0469,lex-4nunt
lex-0470,lex-p9dfj
lex-0471,lex-45qtp
lex-0472,lex-7mr6w
lex-0473,lex-aryva
lex-0474,lex-2rpxq
lex-0475,lex-yv8ag
lex-0476,lex-5rqmv
lex-0477,lex-7q3ph
lex-0478,lex-xhwqt
lex-0479,lex-utn22
lex-0480,lex-aut4h
lex-0481,lex-zd7vh
lex-0482,lex-kh9cr
lex-0483,lex-hhx7u
lex-0484,lex-rnwph
lex-0485,lex-38ygs
lex-0486,lex-7t3wr
lex-0487,lex-y7p3z
lex-0488,lex-tpv83
lex-0489,lex-chtk9
lex-0490,lex-9uac6
lex-0491,lex-xqamc
lex-0492,lex-jafkg
lex-0493,lex-yh672
lex-0494,lex-gvg5j
lex-0495,lex-33p2a
lex-0496,lex-zrhqq
lex-0497,lex-c34na
lex-0498,lex-ppm3j
lex-0499,lex-hjnej
lex-0500,lex-n8888
lex-0501,lex-rnftn
lex-0502,lex-cyhjd
lex-0503,lex-9pubz
lex-0504,lex-xj7s3
lex-0505,lex-efv3v
lex-0506,lex-xm754
lex-0507,lex-9n7bg
lex-0508,lex-8y3ch
lex-0509,lex-7qp5w
lex-0510,lex-6tvr6
lex-0511,lex-36cbh
lex-0512,lex-ftu47
lex-0513,lex-vx867
lex-0514,lex-653ng
lex-0515,lex-fe26z
lex-0516,lex-994yb
lex-0517,lex-ukgke
lex-0518,lex-z2fkk
lex-0519,lex-5gg2c
lex-0520,lex-7aqqb
lex-0521,lex-yzuec
lex-0522,lex-zfgj2
lex-0523,lex-hta65
lex-0524,lex-4ydm6
lex-0525,lex-dkztq
lex-0526,lex-fdvmu
lex-0527,lex-p26va
lex-0528,lex-4txwf
lex-0529,lex-npyes
lex-0530,lex-vjcwu
lex-0531,lex-qjkvn
lex-0532,lex-7hdd8
lex-0533,lex-7ra5h
lex-0534,lex-ux9fh
lex-0535,lex-ry9qx
lex-0536,lex-ynqj9
lex-0537,lex-4snxu
lex-0538,lex-fapwm
lex-0539,lex-ubyz3
lex-0540,lex-2jn8d
lex-0541,lex-gv3us
lex-0542,lex-ct5ux
lex-0543,lex-sp2sn
lex-0544,lex-su2sk
lex-0545,lex-u53ue
lex-0546,lex-a3tfj
lex-0547,lex-22kep
lex-0548,lex-cxffc
lex-0549,lex-x6ft6
lex-0550,lex-e3ddu
lex-0551,lex-vac6e
lex-0552,lex-njj99
lex-0553,lex-z8hbu
lex-0554,lex-b2c6b
lex-0555,lex-e3yhv
lex-0556,lex-y48fs
lex-0557,lex-fbc4r
lex-0558,lex-3ezh8
lex-0559,lex-k8bsd
lex-0560,lex-44byg
lex-0561,lex-fv4a3
lex-0562,lex-qg68a
lex-0563,lex-7tvr6
lex-0564,lex-am8cj
lex-0565,lex-fn2gx
lex-0566,lex-y2tbg
lex-0567,lex-55dm8
lex-0568,lex-5qkj9
lex-0569,lex-t7xcp
lex-0570,lex-5ftak
lex-0571,lex-hbanm
lex-0572,lex-bj7ak
lex-0573,lex-63e4c
lex-0574,lex-mqvyk
lex-0575,lex-b2r4u
lex-0576,lex-pch8u
lex-0577,lex-q6z64
lex-0578,lex-6c5un
lex-0579,lex-junvn
lex-0580,lex-n42kg
lex-0581,lex-6pd48
lex-0582,lex-j2tgc
lex-0583,lex-k6p4z
lex-0584,lex-h7z9x
lex-0585,lex-ksqk8
lex-0586,lex-6gy96
lex-0587,lex-xdc7z
lex-0588,lex-g6sp7
lex-0589,lex-hr66d
lex-0590,lex-nx7u7
lex-0591,lex-smney
lex-0592,lex-c646m
lex-0593,lex-4d53x
lex-0594,lex-rbcsc
lex-0595,lex-a5jhg
lex-0596,lex-hsntu
lex-0597,lex-3haas
lex-0598,lex-kdt2v
lex-0599,lex-5y7zb
lex-0600,lex-jyzng
lex-0601,lex-vs2t5
lex-0602,lex-5a87w
lex-0603,lex-gvwvx
lex-0604,lex-3ep98
lex-0605,lex-z26m9
lex-0606,lex-kfdep
lex-0607,lex-v95t7
lex-0608,lex-d2tsa
lex-0609,lex-btfca
lex-0610,lex-zpfv9
lex-0611,lex-kh8gf
lex-0612,lex-b97zn
lex-0613,lex-peqcm
lex-0614,lex-hbknh
lex-0615,lex-n5cf6
lex-0616,lex-m4ztd
lex-0617,lex-nbk6e
lex-0618,lex-jud2d
lex-0619,lex-5fa5d
lex-0620,lex-3qnt2
lex-0621,lex-uqghr
lex-0622,lex-6ju6z
lex-0623,lex-pp5wq
lex-0624,lex-u6sw3
lex-0625,lex-z7kgm
lex-0626,lex-r3aug
lex-0627,lex-qb3zf
lex-0628,lex-nb82m
lex-0629,lex-4uuxy
lex-0630,lex-asu3y
lex-0631,lex-g9b38
lex-0632,lex-gu8st
lex-0633,lex-cpq3s
lex-0634,lex-cat29
lex-0635,lex-uxqdz
lex-0636,lex-3hw32
lex-0637,lex-tcgej
lex-0638,lex-m9arm
lex-0639,lex-ttaq9
lex-0640,lex-n5jed
lex-0641,lex-9an5g
lex-0642,lex-jfy8w
lex-0643,lex-ry4x3
lex-0644,lex-jxaht
lex-0645,lex-ybjru
lex-0646,lex-f2rjs
lex-0647,lex-tqdhs
lex-0648,lex-x4cw4
lex-0649,lex-u3e5m
lex-0650,lex-v64bg
lex-0651,lex-8pv2b
lex-0652,lex-yhtvk
lex-0653,lex-brkcw
lex-0654,lex-vgfgh
lex-0655,lex-tmy67
lex-0656,lex-yejp2
lex-0657,lex-s7jjg
lex-0658,lex-4697f
lex-0659,lex-875gz
lex-0660,lex-nr3kg
lex-0661,lex-qfwuf
lex-0662,lex-r5fy3
lex-0663,lex-bkaum
lex-0664,lex-29fvm
lex-0665,lex-zd4sv
lex-0667,lex-uahgy
lex-0668,lex-h94k5
lex-0669,lex-hv2dn
lex-0670,lex-6wsw2
lex-0671,lex-cdc5g
lex-0672,lex-akgce
lex-0673,lex-s7qxv
lex-0674,lex-q77ce
lex-0675,lex-ga4dw
lex-0676,lex-jmm5b
lex-0677,lex-643m7
lex-0678,lex-ythes
lex-0679,lex-zfssj
lex-0680,lex-bun8e
lex-0681,lex-kdj8h
lex-0682,lex-5qv7q
lex-0683,lex-kgphf
lex-0684,lex-xu94g
lex-0685,lex-c9xba
lex-0686,lex-bmujx
lex-0687,lex-wutu8
lex-0688,lex-3ajns
lex-0689,lex-wverr
lex-0690,lex-4kn98
lex-0691,lex-555ug
lex-0692,lex-qg753
lex-0693,lex-bx8hz
lex-0694,lex-f9dgb
lex-0695,lex-n9qfv
lex-0696,lex-5dnd9
lex-0697,lex-f4asy
lex-0698,lex-wgd7u
lex-0699,lex-2kjmb
lex-0700,lex-zwnfz
lex-0701,lex-sp7fa
lex-0702,lex-46n25
lex-0703,lex-m9hc3
lex-0704,lex-a55ep
lex-0705,lex-73wdz
lex-0706,lex-rqbsr
lex-0707,lex-k4ent
lex-0708,lex-ggpqt
lex-0709,lex-pjsjj
lex-0710,lex-8vqvy
lex-0711,lex-kyc5a
lex-0712,lex-5f2nj
lex-0713,lex-jct7k
lex-0714,lex-xekjg
lex-0715,lex-d5eew
lex-0716,lex-rfcb7
lex-0717,lex-mxdrn
lex-0718,lex-h8t7s
lex-0719,lex-wfuyn
lex-0720,lex-f6g8c
lex-0721,lex-pn8qn
lex-0722,lex-58ynk
lex-0723,lex-94nsz
lex-0724,lex-jd7fe
lex-0725,lex-9zjpf
lex-0726,lex-raydk
lex-0727,lex-vw8c3
lex-0728,lex-d234k
lex-0729,lex-kykwm
lex-0730,lex-b6gyc
lex-0731,lex-2apyb
lex-0732,lex-697ka
lex-0733,lex-qa6hc
lex-0734,lex-kj6tj
lex-0735,lex-d73nj
lex-0736,lex-x9sda
lex-0737,lex-egkjk
lex-0738,lex-3656j
lex-0739,lex-cqvnu
lex-0740,lex-5tpy8
lex-0741,lex-cgbrt
lex-0742,lex-afzzp
lex-0743,lex-ktpxs
lex-0744,lex-m8j35
lex-0745,lex-tqd9x
lex-0746,lex-7xz6k
lex-0747,lex-f2ktw
lex-0748,lex-2kbpp
lex-0749,lex-x3hgq
lex-0750,lex-kxk99
lex-0751,lex-xuwr2
lex-0752,lex-zfxbw
lex-0753,lex-qjsgk
lex-0754,lex-ezcv6
lex-0755,lex-kjb2b
lex-0756,lex-2vpet
lex-0757,lex-n365w
lex-0758,lex-hsnup
lex-0759,lex-urwym
lex-0760,lex-r7zuy
lex-0761,lex-bg3ad
lex-0762,lex-pn7cf
lex-0763,lex-95qfv
lex-0764,lex-mx4q5
lex-0765,lex-2gtzb
lex-0766,lex-6xw55
lex-0767,lex-dwey5
lex-0768,lex-p77e7
lex-0769,lex-xuna9
lex-0770,lex-y5jm9
lex-0771,lex-tqa55
lex-0772,lex-448qd
lex-0773,lex-cbrcm
lex-0774,lex-4dest
lex-0775,lex-3u5vn
lex-0776,lex-869h7
lex-0777,lex-fa9nq
lex-0778,lex-2t5qw
lex-0779,lex-hr3cu
lex-0780,lex-rve8w
lex-0781,lex-md8ku
lex-0782,lex-9ar8w
lex-0783,lex-dfgda
lex-0784,lex-m946g
lex-0785,lex-5bufp
lex-0786,lex-f2vjy
lex-0787,lex-8v6ea
lex-0788,lex-u7aau
lex-0789,lex-czseb
lex-0790,lex-ht9ud
lex-0791,lex-c5j7f
lex-0792,lex-trady
lex-0793,lex-acmmk
lex-0794,lex-e7keg
lex-0795,lex-5ckqz
lex-0796,lex-rufum
lex-0797,lex-sjyty
lex-0798,lex-cf8kh
lex-0799,lex-9ye4t
lex-0800,lex-zt7k4
lex-0801,lex-qe23q
lex-0802,lex-q6cba
lex-0803,lex-24vtm
lex-0804,lex-ggyt6
lex-0805,lex-cpayt
lex-0806,lex-uvcqt
lex-0807,lex-kcgcw
lex-0808,lex-vpwbb
lex-0809,lex-x3j4b
lex-0810,lex-fgc3p
lex-0811,lex-aysgg
lex-0812,lex-7p22j
lex-0813,lex-jey4w
lex-0814,lex-es7a5
lex-0815,lex-2qc9x
lex-0816,lex-krh3b
lex-0817,lex-656bb
lex-0818,lex-xjgdt
lex-0819,lex-3y2vh
lex-0820,lex-ebujz
lex-0821,lex-mkpb2
lex-0822,lex-m33nq
lex-0823,lex-7ckyv
lex-0824,lex-afrq4
lex-0825,lex-aefph
lex-0826,lex-dbard
lex-0827,lex-s2uyr
lex-0828,lex-8tkms
lex-0829,lex-sb7wj
lex-0830,lex-ugpw2
lex-0831,lex-4pmyk
lex-0832,lex-hkrn7
lex-0833,lex-hqfbk
lex-0834,lex-x69sy
lex-0835,lex-5yjnx
lex-0836,lex-fgrmh
lex-0837,lex-6pcc4
lex-0838,lex-quck2
lex-0839,lex-pepe5
lex-0840,lex-ma3zd
lex-0841,lex-hxs7v
lex-0842,lex-j62m2
lex-0843,lex-e3gkt
lex-0844,lex-bjjcb
lex-0845,lex-jevku
lex-0846,lex-bdbb5
lex-0847,lex-ruzw5
lex-0848,lex-s2rtb
lex-0849,lex-z5f8t
lex-0850,lex-6nj6k
lex-0851,lex-ucx29
lex-0852,lex-c5j2s
lex-0853,lex-vsede
lex-0854,lex-k2r45
lex-0855,lex-h8zzt
lex-0856,lex-jmnap
lex-0857,lex-66s4q
lex-0858,lex-rd2qx
lex-0859,lex-jgum9
lex-0860,lex-npbj6
lex-0861,lex-68v4p
lex-0862,lex-sxsn7
lex-0863,lex-bdkgh
lex-0864,lex-bvjpk
lex-0865,lex-z775k
lex-0866,lex-tnywb
lex-0867,lex-f64bg
lex-0868,lex-a3kky
lex-0869,lex-9aaa5
lex-0870,lex-dk7dq
lex-0871,lex-x4cpn
lex-0872,lex-2bbqf
lex-0873,lex-9cuew
lex-0874,lex-e48nt
lex-0875,lex-j89ya
lex-0876,lex-r4rea
lex-0877,lex-cegtb
lex-0878,lex-da3ps
lex-0879,lex-5mtky
lex-0880,lex-2qekt
lex-0881,lex-xtfe3
lex-0882,lex-9dsah
lex-0883,lex-4hfyp
lex-0884,lex-evgxm
lex-0885,lex-patax
lex-0886,lex-ke8xx
lex-0887,lex-susgz
lex-0888,lex-gwu5b
lex-0889,lex-cj5bf
lex-0890,lex-hg2ym
lex-0891,lex-dyr9p
lex-0892,lex-jujrs
lex-0893,lex-76nk7
lex-0894,lex-sdc6x
lex-0895,lex-krg5c
lex-0896,lex-avfud
lex-0897,lex-yp3wh
lex-0898,lex-2rn8r
lex-0899,lex-wtmbx
lex-0900,lex-vqmn8
lex-0901,lex-65etu
lex-0902,lex-xz9br
lex-0903,lex-7w239
lex-0904,lex-xgt9j
lex-0905,lex-jhwqx
lex-0906,lex-2sr4y
lex-0907,lex-bfwev
lex-0908,lex-p5m5u
lex-0909,lex-u4gnh
lex-0910,lex-58v7p
lex-0911,lex-b53wy
lex-0912,lex-254bc
lex-0913,lex-u967f
lex-0914,lex-sjwcq
lex-0915,lex-j5vdt
lex-0916,lex-e9qfp
lex-0917,lex-rnkta
lex-0918,lex-8ca5h
lex-0919,lex-rp7kr
lex-0920,lex-dy6xw
lex-0921,lex-667f3
lex-0922,lex-fgd5d
lex-0923,lex-6mwqy
lex-0924,lex-yefqs
lex-0925,lex-37nsd
lex-0926,lex-ndwng
lex-0927,lex-jpayb
lex-0928,lex-rjaeb
lex-0929,lex-epczs
lex-0930,lex-ncqgp
lex-0931,lex-us3ap
lex-0932,lex-jsec3
lex-0933,lex-tbw6f
lex-0934,lex-y36ps
lex-0935,lex-4ph7n
lex-0936,lex-dyd9u
lex-0937,lex-dcr6p
lex-0938,lex-5u3w3
lex-0939,lex-aq6dp
lex-0940,lex-un9td
lex-0941,lex-u7tb6
lex-0942,lex-rzp24
lex-0943,lex-b9yre
lex-0944,lex-yvj9f
lex-0945,lex-ydwzz
lex-0946,lex-kbekq
lex-0947,lex-fw646
lex-0948,lex-svnrw
lex-0949,lex-9fqqs
lex-0950,lex-w68t8
lex-0951,lex-gt9kt
lex-0952,lex-dvb4u
lex-0953,lex-cahck
lex-0954,lex-p75sw
lex-0955,lex-v6dz2
lex-0956,lex-pdpen
lex-0957,lex-6egsq
lex-0958,lex-qp25e
lex-0959,lex-z4423
lex-0960,lex-vh6bb
lex-0961,lex-6ts6x
lex-0962,lex-hr5h5
lex-0963,lex-f9gxz
lex-0964,lex-8mcgk
lex-0965,lex-522hr
lex-0966,lex-4u8bh
lex-0967,lex-xza94
lex-0968,lex-u32b3
lex-0969,lex-kxjyt
lex-0970,lex-mxc58
lex-0971,lex-pwtg3
lex-0972,lex-gggsp
lex-0973,lex-pnyzg
lex-0974,lex-eaw4v
lex-0975,lex-hs9vn
lex-0976,lex-gpx2a
lex-0977,lex-gpk9s
lex-0978,lex-fyxdh
lex-0979,lex-pt6qd
lex-0980,lex-ddm9y
lex-0981,lex-jwc53
lex-0982,lex-kpmg5
lex-0983,lex-8ggx4
lex-0984,lex-s2z6j
lex-0985,lex-7yzvy
lex-0986,lex-kw5y2
lex-0987,lex-bunc4
lex-0988,lex-3jxuw
lex-0989,lex-gthkp
lex-0990,lex-kwswc
lex-0991,lex-442fr
lex-0992,lex-smf9s
lex-0993,lex-hz6u3
lex-0994,lex-cy243
lex-0995,lex-98q4u
lex-0996,lex-2m3ep
lex-0997,lex-7k8bd
lex-0998,lex-mastv
lex-0999,lex-7faku
lex-1000,lex-zvdxq
lex-1001,lex-72yj6
lex-1002,lex-wdnmm
lex-1003,lex-xfsbm
lex-1004,lex-vkxzq
lex-1005,lex-w2ayd
lex-1006,lex-4ckek
lex-1007,lex-d6g2h
lex-1008,lex-a4m7x
lex-1009,lex-emmw2
lex-1010,lex-96qnn
lex-1011,lex-ay4et
lex-1012,lex-663sq
lex-1013,lex-3y7ct
lex-1014,lex-g59zk
lex-1015,lex-879gh
lex-1016,lex-qukkg
lex-1017,lex-ysh6p
lex-1018,lex-pwhsd
lex-1019,lex-9nmeg
lex-1020,lex-9yxm6
lex-1021,lex-v5fqf
lex-1022,lex-k5hgu
lex-1023,lex-v9cgd
lex-1024,lex-ujewy
lex-1025,lex-jy27d
lex-1026,lex-p8747
lex-1027,lex-xsfrn
lex-1028,lex-xmquc
lex-1029,lex-rpftk
lex-1030,lex-r37df
lex-1031,lex-ea48g
lex-1032,lex-y9ecj
lex-1033,lex-pzv9p
lex-1034,lex-nx898
lex-1035,lex-ahgnm
lex-1036,lex-v64dh
lex-1037,lex-udyax
lex-1038,lex-t42fr
lex-1039,lex-vqx8x
lex-1040,lex-zdqt9
lex-1041,lex-a2g3x
lex-1042,lex-jsere
lex-1043,lex-w4tm3
lex-1044,lex-bwghp
lex-1045,lex-yyhjr
lex-1046,lex-7b3w5
lex-1047,lex-djt6r
lex-1048,lex-vxnad
lex-1049,lex-5ksmy
lex-1050,lex-t9xgv
lex-1051,lex-v8dgj
lex-1052,lex-z2tcn
lex-1053,lex-m43kg
lex-1054,lex-67hpe
lex-1055,lex-v7dty
lex-1056,lex-phjbf
lex-1057,lex-qcv5z
lex-1058,lex-nua9u
lex-1059,lex-e2yxr
lex-1060,lex-5myy7
lex-1061,lex-x66pv
lex-1062,lex-ngas3
lex-1063,lex-rj23t
lex-1064,lex-r6msz
lex-1065,lex-uh48q
lex-1066,lex-cwmus
lex-1067,lex-jcmm3
lex-1068,lex-n8w7m
lex-1069,lex-e6mj8
lex-1070,lex-kuqt8
lex-1071,lex-vuafu
lex-1072,lex-6cfu6
lex-1073,lex-uhbgy
lex-1074,lex-6sxj4
lex-1075,lex-y3vnf
lex-1076,lex-345ta
lex-1077,lex-dun6c
lex-1078,lex-gq42q
lex-1079,lex-hndyu
lex-1080,lex-swxmz
lex-1081,lex-tsc9a
lex-1082,lex-cze3t
lex-1083,lex-mnfv6
lex-1084,lex-e9zy8
lex-1085,lex-c8jus
lex-1086,lex-cgrkd
lex-1087,lex-x8dqm
lex-1088,lex-pg9kj
lex-1089,lex-dtmn2
lex-1090,lex-z3efa
lex-1091,lex-g6qbp
lex-1092,lex-x7w9r
lex-1093,lex-uz7yv
lex-1094,lex-z6u9z
lex-1095,lex-qy2ej
lex-1096,lex-q4kj7
lex-1097,lex-wa3fk
lex-1098,lex-z68kz
lex-1099,lex-2trsd
lex-1100,lex-f8h44
lex-1101,lex-4e6hp
lex-1102,lex-xwbjd
lex-1103,lex-vqkby
lex-1104,lex-yx8qx
lex-1105,lex-kx5fj
lex-1106,lex-uhc3j
lex-1107,lex-cbe5b
lex-1108,lex-nbenu
lex-1109,lex-d6f8b
lex-1110,lex-yq6u8
lex-1111,lex-zujf3
lex-1112,lex-rnkch
lex-1113,lex-r6q47
lex-1114,lex-ybvy2
lex-1115,lex-93fb4
lex-1116,lex-abx7f
lex-1117,lex-sfadp
lex-1118,lex-zu836
lex-1119,lex-7yemm
lex-1120,lex-uyx42
lex-1121,lex-57wqk
lex-1122,lex-zcdmw
lex-1123,lex-5xzh4
lex-1124,lex-wcr3f
lex-1125,lex-pvpag
lex-1126,lex-633k5
lex-1127,lex-xzq67
lex-1128,lex-scxn9
lex-1129,lex-vut6v
lex-1130,lex-d5u45
lex-1131,lex-tj7ma
lex-1132,lex-zvt56
lex-1133,lex-zuzcf
lex-1134,lex-tcrfy
lex-1135,lex-6fwcs
